-- ACTIVIDAD 1
-- Una vez que ya ha generado la estructura de la base datos INVENTARIOS, del Tema 1:
-- TABLAS : PARTES ( NUMPARTE character (2), NOMPARTE character(20), COLOR
-- character (10),PESO numeric (3), COSTO numeric (4) )
-- PROVEEDOR ( NUMEROPROV character (2), NOMBRE character(20), CIUDAD character
-- (10), ESTATUS numeric (2) )
-- COMPRAS (NUMEROPROV character (2) , NUMPARTE character (2), CANTIDAD numeric
-- (2),FECHA datetime )
-- Hemos encontrado que algunos datos no caben en esa estructura , asi que , elimine la
-- estructura de las tablas generadas de esta forma:
-- DROP TABLE PARTES
-- DROP TABLE PROVEEDOR
-- DROP TABLE COMPRAS
-- Ahora, vuelva a generar la estructura con la siguiente definición de datos (DDL)
-- PARTES ( NUMPARTE character (3), NOMPARTE character(20),PESO numeric(3), COLOR
-- character (10), COSTO numeric (6),EXISTENCIA numeric(6)PRIMARY KEY NUMPARTE )
-- PROVEEDOR ( NUMEROPROV character (3), NOMBRE character(20), CIUDAD character
-- (20), ESTATUS numeric (2) PRIMARY KEY NUMEROPROV)
-- CONSIDERANDO QUE NUMPARTE ES LA LLAVE PRINCIPAL DE LA TABLA PARTES:
-- NUMEROPROV ES LA LLAVE PRINCIPAL DE LA TABLA PROVEEDOR y NUMEROPROV y
-- NUMPARTE SON LAS LLAVES SECUNDARIAS DE LA TABLA COMPRAS :
-- PONGA ESAS CLAUSULAS EN LA SIGUIENTE DEFINICION :
-- COMPRAS (NUMEROPROV character (3) , NUMPARTE character (3), CANTIDAD numeric
-- (6),FECHA datetime )
-- Ahora si ya estamos listos para empezar a realizar las consultas de actualización y las de
-- solo lectura.
DROP DATABASE IF EXISTS Actividad1;
CREATE DATABASE Actividad1;
USE Actividad1;
CREATE TABLE PARTES (
    NUMPARTE CHAR(3) PRIMARY KEY,
    NOMPARTE CHAR(20),
    PESO NUMERIC(3),
    COLOR CHAR(10),
    COSTO NUMERIC(6),
    EXISTENCIA NUMERIC(6)
);
CREATE TABLE PROVEEDOR (
    NUMEROPROV CHAR(3) PRIMARY KEY,
    NOMBRE CHAR(20),
    CIUDAD CHAR(20),
    ESTATUS NUMERIC(2)
);
CREATE TABLE COMPRAS (
    NUMEROPROV CHAR(3),
    NUMPARTE CHAR(3),
    CANTIDAD NUMERIC(6),
    FECHA DATETIME,
    FOREIGN KEY (NUMEROPROV) REFERENCES PROVEEDOR (NUMEROPROV),
    FOREIGN KEY (NUMPARTE) REFERENCES PARTES (NUMPARTE)
);


-- 1--- Insertar los siguientes valores para las tablas: PARTES, PROVEEDOR, COMPRAS
-- utilizando la instrucción INSERT de SQL
-- Ejemplo: INSERT INTO PARTES VALUES ( 'P1','MOUSE',1,'GRIS',80,100)
INSERT INTO PARTES VALUES ('P01','MOUSE',1,'GRIS',80,100);
INSERT INTO PARTES VALUES ('P02','MARCADOR',5,'NARANJA',50,50);
INSERT INTO PARTES VALUES ('P03','LAPICES',8,'AZUL',100,200);
INSERT INTO PARTES VALUES ('P04','CARPETA',10,'NEGRO',500,10);
INSERT INTO PARTES VALUES ('P05','COMPUTADOR MOD HP1',8,'BLANCO',5000,10);
INSERT INTO PARTES VALUES ('P06','COMPUTADORA MOD HP2',1,'NEGRO',10000,3);
INSERT INTO PARTES VALUES ('P07','IPAD MOD A',1,'BLANCO',7000,100);
INSERT INTO PARTES VALUES ('P08','IMPRESORA HP',2,'GRIS',2000,20);
INSERT INTO PARTES VALUES ('P09','PIZARRA INTERACTIVA',10,'BLANCO',30000,2);
INSERT INTO PARTES VALUES ('P10','PROYECTOR MULTIMEDIA',2,'NEGRO',4000,5);
INSERT INTO PARTES VALUES ('P11','USB 32G',1,'VERDE',200,100);
INSERT INTO PARTES VALUES ('P12','USB 16G',1,'ROSA',200,100);
INSERT INTO PROVEEDOR VALUES ('S1','WILIAMS','LONDRES',10);
INSERT INTO PROVEEDOR VALUES ('S2','PETIT','PARIS',20);
INSERT INTO PROVEEDOR VALUES ('S3','LENNON','LONDRES',10);
INSERT INTO PROVEEDOR VALUES ('S4','ONASIS','ATENAS',10);
INSERT INTO PROVEEDOR VALUES ('S5','SMITH','NUEVA YORK',30);
INSERT INTO PROVEEDOR VALUES ('S6','GARZA','MONTERREY',30);
INSERT INTO PROVEEDOR VALUES ('S7','PEREZ','MEXICO',30);
INSERT INTO PROVEEDOR VALUES ('S8','CARDIN','PARIS',20);
INSERT INTO PROVEEDOR VALUES ('S9','BARRIENTOS','BUENOS AIRES',20);
INSERT INTO PROVEEDOR VALUES ('S10','SADA','MONTERREY',30);
INSERT INTO COMPRAS VALUES ('S1','P01',350,null);
INSERT INTO COMPRAS VALUES ('S2','P02',200,null);
INSERT INTO COMPRAS VALUES ('S3','P03',100,null);
INSERT INTO COMPRAS VALUES ('S4','P04',150,null);
INSERT INTO COMPRAS VALUES ('S5','P05',500,null);
INSERT INTO COMPRAS VALUES ('S6','P06',750,null);
INSERT INTO COMPRAS VALUES ('S7','P07',600,null);
INSERT INTO COMPRAS VALUES ('S8','P08',300,null);
INSERT INTO COMPRAS VALUES ('S9','P09',550,null);
INSERT INTO COMPRAS VALUES ('S10','P09',600,null);
INSERT INTO COMPRAS VALUES ('S2','P01',650,null);
INSERT INTO COMPRAS VALUES ('S2','P02',850,null);
INSERT INTO COMPRAS VALUES ('S2','P04',300,null);
INSERT INTO COMPRAS VALUES ('S2','P06',175,null);
INSERT INTO COMPRAS VALUES ('S2','P08',205,null);
INSERT INTO COMPRAS VALUES ('S3','P01',420,null);
INSERT INTO COMPRAS VALUES ('S4','P01',240,null);
INSERT INTO COMPRAS VALUES ('S4','P10',100,null);
INSERT INTO COMPRAS VALUES ('S5','P11',320,null);
INSERT INTO COMPRAS VALUES ('S6','P11',430,null);
INSERT INTO COMPRAS VALUES ('S7','P11',530,null);


-- Listar todas las tablas de la base de datos
SELECT * FROM PARTES;
SELECT * FROM PROVEEDOR;
SELECT * FROM COMPRAS;