<?xml version="1.0" encoding="UTF-8"?>
<project-private xmlns="http://www.netbeans.org/ns/project-private/1">
    <editor-bookmarks xmlns="http://www.netbeans.org/ns/editor-bookmarks/2" lastBookmarkId="0"/>
    <open-files xmlns="http://www.netbeans.org/ns/projectui-open-files/2">
        <group>
            <file>file:/C:/Users/aulasingenieria/Documents/ivan/proyecto/ExportaC/src/Vista/ExportaCR.java</file>
            <file>file:/C:/Users/aulasingenieria/Documents/ivan/proyecto/ExportaC/src/Modelo/Usuario.java</file>
            <file>file:/C:/Users/aulasingenieria/Documents/ivan/proyecto/ExportaC/src/Modelo/Cotizacion.java</file>
            <file>file:/C:/Users/aulasingenieria/Documents/ivan/proyecto/ExportaC/src/Modelo/CargaSuelta.java</file>
            <file>file:/C:/Users/aulasingenieria/Documents/ivan/proyecto/ExportaC/src/main.java</file>
            <file>file:/C:/Users/aulasingenieria/Documents/ivan/proyecto/ExportaC/src/Modelo/CargaPesada.java</file>
        </group>
    </open-files>
</project-private>
